First Name,Last Name,Email,Company
Alex,Rivera,alex.rivera@techscale.io,TechScale
Sophia,Chen,sophia.chen@growthlabs.co,GrowthLabs
Liam,Smith,liam.smith@cloudvelocity.net,CloudVelocity
Emma,Johnson,emma.j@enterpriseai.org,Enterprise AI
David,Kim,david.kim@saasflow.com,SaaS Flow
Olivia,Brown,olivia.brown@outboxpartners.com,Outbox Partners
Lucas,Miller,lucas.miller@venturenext.io,VentureNext
Ava,Wilson,ava.wilson@inboxprime.ai,InboxPrime
Ethan,Davis,ethan.davis@accelerategrowth.co,Accelerate Growth
Mia,Martinez,mia.martinez@hyperreach.io,HyperReach
